1.2348915420902526,0.17390419889228204,0.7351743494086664,-0.18679269316396416,-0.0006761442505767105,0.06859095536757444,0.050859778441689936,0.055338145484639334,0.008003455533046478
2.3027503767744166,0.4315248664264262,0.7644585869565125,-0.034559270966891945,-0.1126766852648761,-0.07875201474127763,0.06873343958681259,0.0866397807773736,0.0915479493802394
0.8983031359128641,0.3369870419382974,0.34545951564435906,-0.1662709277242077,0.024085414608567175,0.28471711323591187,0.12302609220567035,-0.12436739787170217,-0.15077191771088394
0.7899845553955402,0.18260924477034474,0.3046556253461352,-0.11028633904779767,0.13450135211256586,0.21133564577872788,-0.11647428269369063,-0.0722803448184764,-0.05803917133846452
0.5201983063656945,0.05726479635604603,0.4556247252132248,-0.07653943047751494,0.05046021017024909,0.03424655626873286,0.005664925424737673,-0.032325566038551724,-0.023127047980355645
2.15707320367298,0.4238821452375405,0.72957231883672,-0.06264357599136819,-0.1474635089962698,-0.061216487396402626,0.0918232989876815,0.10223095274874298,0.0856204287856405
1.2505509188712673,0.18766042425286472,0.4943104727774925,-0.12047556319681829,0.03717823519818887,0.12417872323663935,0.1258519996931965,-0.043499192146681534,-0.12070375318147741
1.6794113924091338,0.3607545096904406,0.7928959041097248,-0.07441040968816834,-0.15503213299735588,-0.023007547779531512,0.08667097565293158,0.07630769665557209,0.08934146782252807
2.1566093249232265,0.4927473979015219,0.5539668067669241,-0.12625868240776178,-0.1731610768466348,-0.027335099536250657,0.13000749507275514,0.17334774898409325,0.028333073480930233
1.992765659901524,0.10079116435335689,0.7230183382300516,-0.07555729679822504,0.012223318201488961,0.028815209349980088,0.02546516838185609,0.025474147998714208,-0.005292291760371673
1.7223524991557684,0.15313425678516424,0.47633963179153255,-0.07992167562548816,0.033158290820037906,0.08692916037927717,0.09505326661427548,-0.05407892992064647,-0.07847117269489096
0.5755733708628044,0.1248555879053776,0.5108316369516865,-0.12718895092318327,0.14103959922825843,0.060853948809657034,0.115342730409788,-0.14764930209498503,-0.06676514655921216
1.9846207000646288,0.45913338047163554,0.6653666164348269,-0.10001640727298033,-0.1845369623982076,-0.05286763017455819,0.12113597604361777,0.15060335635990132,0.06604967285371173
1.7418096313515234,0.10697797279716409,0.3514205136355547,-0.043908550259596446,0.06066367100708616,0.0748590626732409,-0.01955079819196733,-0.04234526854483245,-0.03710186827825653
1.0877461822723133,0.3140076187056194,0.33670368518351584,-0.14282763040972385,0.025030418291829268,0.2782419697450928,0.10485367103489254,-0.14044406624863706,-0.1324382062702732
2.1751028380860777,0.3459757909274297,0.37401333558483696,-0.11779217770229226,-0.04788172661327265,0.09815282270508066,0.15867698527308138,0.013169257697711715,-0.11204456905771838
1.7433853662580014,0.368877568334824,0.6158156785644076,-0.19680906866046707,-0.14006206497096246,0.03963709860006357,0.1507505686630616,0.1514358308567365,-0.003942014999960024
1.5793887276573526,0.40332697834436787,0.6647582047588287,-0.16095746904278557,-0.18835241301711808,0.006380051761994207,0.1558432181400507,0.15155054772767707,0.03471100209969326
1.0381819233643013,0.2669425723540607,0.6651520382671446,-0.27416549557170006,-0.054521299034867375,0.14890547075524072,0.1057972616965324,0.12754437813487524,-0.04954969257301596
2.106847038392099,0.3688724332474621,0.45933998700986556,-0.15862847586989812,-0.08224797753586924,0.06755444438660392,0.19221793814697116,0.07317108501045114,-0.08293313833090322
2.1055149013097676,0.018565840124113553,0.38585217839177194,-0.010229285031951921,0.009731589541205204,0.010462294921493748,-0.003448206529063023,-0.006849475752365499,-0.006321546015677457
1.091211986453765,0.2670904875321398,0.3200980916164273,-0.12018759003002372,0.05050861589164374,0.27759888285629325,0.042279283028577315,-0.13769735097212332,-0.10040416000295796
1.0802541044333331,0.3550407405503811,0.4873399562363831,-0.23713670604922454,-0.05146105441530495,0.1656184108810267,0.2568904633650287,0.04468984718831134,-0.17391763144680364
0.9560266387462393,0.1915528978669196,0.5963127115471132,-0.16912823981229427,0.04348281823895639,0.11032002203113143,0.09292656875366441,0.0751882219943657,-0.18040740874698813
2.244780663747084,0.22240788089534375,0.3827440703864114,-0.07623101341621483,-0.012171663849306662,0.11286463326899952,0.09502215306202723,-0.05332191616643107,-0.0747370209213868
1.7524639935870916,0.09259042917783844,0.4862903353944407,-0.050997116686705514,0.043852564914227794,0.05009983983136656,0.05861774672500498,-0.04508249447929182,-0.04713573353844911
1.8245467308881071,0.1307163194621993,0.6785089395152926,-0.09748516966726703,0.01433018598006151,0.046138343216674454,0.04041462213783085,0.04283913857549434,-0.045042347438785255
1.6879474593130985,0.031622032358311236,0.7092263133221666,-0.029924520096808578,0.011312793651489711,0.010165445286258096,0.009013063135611663,0.009862130162657202,-0.021569558484145563
2.12239755983183,0.196464830530439,0.7954028176329551,-0.0810379510950425,-0.07308003977793158,0.03809539484139284,0.03739649561388568,0.03438419321099977,0.04803426358547718
1.4930046998750857,0.3561726260890662,0.3441547934475494,-0.1409235127924574,-0.018042157928379585,0.17679437606641268,0.1609578987870979,-0.04269791189928753,-0.14609423751369213
1.4424395166029755,0.230914456485722,0.3964154678079757,-0.10903315928064948,0.019501327745593613,0.1711150651562685,0.10941203928712429,-0.10448668412984852,-0.10611064938706069
2.2645007515069544,0.09501018960640456,0.3201899119390911,-0.02990789214777305,0.03811955283600374,0.06362588503892608,-0.014685557598504128,-0.02741242412122754,-0.025463114042052197
1.0828074110573025,0.4062198306065943,0.5977735830012307,-0.2897708380199613,-0.14740561103578786,0.07808596343256807,0.22405838924722227,0.18049684990442139,-0.046977469748268774
1.7703111820304465,0.4214725239039495,0.4547192176368124,-0.20440794218206157,-0.09921117552345025,0.0720647818826469,0.24336752931445363,0.09146158643993968,-0.08022790043267827
1.7404138733800891,0.01610153340430137,0.34670508347293927,-0.009948390196801254,0.011319356790463262,0.01210365549166986,-0.006379822406115397,-0.0059683582834885755,-0.005448588986198888
0.8699362017320991,0.2890310611541538,0.7968779942941553,-0.19016986179184225,-0.1485665073739785,0.13022381754970494,0.07080097950360152,0.06677858707469078,0.10699611029106677
2.2574830174739704,0.417590847167723,0.5512952633506651,-0.15963397276624086,-0.13702495042019133,0.00605577118498743,0.1495151054992459,0.13964892920868494,0.001847773443367253
1.9988195413435526,0.2415943224639714,0.6666031107627521,-0.15270481337662942,-0.07559293664138281,0.07387741625919078,0.07619833219577504,0.07770022629813957,0.0009415379013974967
1.5119033682300371,0.44293142958830634,0.45739382613493706,-0.24104215333211426,-0.10598739366690878,0.08265075510056885,0.280166768563365,0.0993957630873996,-0.08902311966323792
1.0719521510105883,0.3509091689392544,0.5756827855800913,-0.29554084440579603,-0.08788583400377378,0.13450432671224413,0.19372575487108606,0.1311178846066761,-0.09473380136417572
1.5732031409793685,0.37143897240541907,0.3997813750736275,-0.16763803573114242,-0.048583009070668676,0.13542349860442873,0.21222962713515955,0.015092843787919207,-0.16482244394948165
2.3213861055764378,0.2002765145310733,0.4345994086396043,-0.07632909735722272,-0.01583822662802483,0.09186771487828067,0.1021639739459913,-0.02883287076376579,-0.07412698194766532
1.758260283048532,0.4403248792297474,0.7443295177351057,-0.08131409050038624,-0.15131703723577195,-0.07060551874346088,0.11114656198802267,0.11577563701148022,0.09696732104766849
0.6783397679659018,0.043143672143551415,0.397951766291841,-0.049171200888176954,0.043198834386402575,0.03853458918033406,-0.05047660293570428,-0.019450258559227482,-0.01858824076481156
1.6602750530842316,0.43026656843003475,0.5305100747314966,-0.2339474389609004,-0.1388562969102675,0.04372906480974949,0.2153356953271104,0.14323180542760097,-0.03850807212449046
1.8223748982485546,0.13350136645919425,0.6231739913622851,-0.09035693358760488,0.020569410968678224,0.05407960156477738,0.04855556630531056,0.061039626106166575,-0.07735942519681936
1.484059423758364,0.4085176778120843,0.5400368810311298,-0.2575548395244927,-0.12781202653587645,0.06634308342929912,0.22116297138839314,0.13723566627134434,-0.056542011986551004
0.770073140700541,0.3609352798475952,0.7479132573817133,-0.224056142362065,-0.20405740988629498,0.0871734271312694,0.11923440489576756,0.10814759103387912,0.07004914717953047
1.4896646395765076,0.39418242990383545,0.47887471948202487,-0.22647830493951127,-0.08953995447483813,0.10024381052744415,0.2535609049123071,0.08336450665341004,-0.10620548531773591
2.1760463878389094,0.10863578800780488,0.4539850553002719,-0.047243606144040114,0.030570722971294463,0.053309938407711255,0.06351773660595982,-0.038112871414672934,-0.044232506134637826
0.9754563674538046,0.3485143275620567,0.6999356420738452,-0.24499995079216294,-0.1557892966234216,0.09877344758717523,0.13724049974725766,0.13285919139635885,0.01732661488156716
2.4686584718626348,0.1607310209458424,0.5973749867793482,-0.08101201408494611,-0.021837779563161828,0.05100193120189569,0.051383832362941084,0.0586510842821804,-0.056010269392032595
2.1118298858994593,0.2073522428647842,0.7423441334382908,-0.11937257807423356,-0.07188555402834235,0.049107427432766616,0.04897538471141627,0.046372487281622146,0.04092982944023401
1.4776290239650611,0.11582713781389642,0.7888266873238354,-0.11956898720406711,0.02288451000212761,0.0327799832473287,0.02562401844933519,0.02621895120214889,0.03957798724304599
0.8304696764588906,0.39183596080135424,0.32251304380097884,-0.1815461092586397,0.017021170905849713,0.2790480817392071,0.156054403784013,-0.09521548005748917,-0.17202063373296286
1.5072899415241579,0.3768869038179906,0.7932719540720596,-0.08637691043683658,-0.15584591520844865,-0.029538464503847693,0.09831822532386844,0.08407568734308803,0.09781137910374481
1.583547404453885,0.4333965352783652,0.607449592167699,-0.18524251330282987,-0.18188214844085504,0.011680040243651012,0.188639274036409,0.1855210065551145,0.006790386399506699
2.352305804310359,0.47313411590564114,0.7984616485219027,-0.009343569439988594,-0.08735720041484421,-0.0971192353842064,0.031185214845697765,0.0799246336507099,0.09089455646268076
0.6385561525065397,0.32331778020186347,0.6619074698268763,-0.37404752268319014,-0.06358466407444834,0.19211313646518421,0.11322438717494676,0.17884010929443864,-0.04784460442557988
2.0047136231337945,0.06293236382036327,0.3051491972256891,-0.022713815410942664,0.036896733823956876,0.05408407486791613,-0.018066745795705854,-0.018802849028867762,-0.017210614764304372
1.3793511054414174,0.12029456641436409,0.673615257538229,-0.10777771310184142,0.04703324731315193,0.05003202387302525,0.042197194658831455,0.05135920087833475,-0.08581494048248138
0.7844446098887503,0.3318456544208866,0.4289991278290858,-0.20339468401508043,0.0023413365384525285,0.25246641216091853,0.20889050709152782,-0.05224141543969019,-0.21445554037294295
0.5535327344075294,0.261658970917035,0.32722609813320697,-0.16583369338948428,0.0806855450676146,0.31816970063649347,-0.018425325067531792,-0.1378288683227863,-0.06864531956932361
2.4750502179770497,0.155048982095969,0.6292272553883056,-0.08181878749329956,-0.021523886871667234,0.04547843447882523,0.04560394922860154,0.057604683075388505,-0.0424841613431836
2.1544601798501453,0.25849175557667725,0.3816114985247465,-0.0905182926116415,-0.02091697231585079,0.12859738462404194,0.11511412051119983,-0.04353829291923887,-0.08975790987548264
0.5562397501609051,0.21994808321068637,0.4948298369587867,-0.17779858779039623,0.0769477068939227,0.13536614131245805,0.18423686808039663,-0.08440868888104186,-0.1291460377452115
2.3126062246640124,0.4074097434652272,0.5106924878425032,-0.16602594549787558,-0.11739543131678638,0.022050278794814075,0.15978595886724062,0.11861067059386772,-0.02012540417099646
1.6508061839477979,0.02145654792329721,0.7410332921107052,-0.022815599448924535,0.007272059022141279,0.0062672155942463765,0.005473519689970356,0.00596185617681793,-0.012527420361316193
1.5966270631394932,0.41438991253744734,0.4832243134121172,-0.22970520044742831,-0.10542605755216736,0.07796151483165377,0.24988930116466868,0.10184637487923438,-0.08155992098006182
2.3322139943172373,0.275995009536073,0.44797429114081133,-0.10725960300136779,-0.04621663342595536,0.10099961208934102,0.13876745610302868,0.027780662340067958,-0.09732779201624138
0.8602645765166608,0.22740537113614795,0.5766220928770913,-0.19615816249159737,0.026428461476630135,0.14505884613435296,0.11832988318594091,0.0640620335680773,-0.2068010520814289
2.282608368725503,0.48714558863721485,0.6095889502831483,-0.09318484862611616,-0.1750479362716204,-0.052633874530418304,0.10075518263116984,0.17169482213174458,0.05534639519119505
0.9631377239526089,0.2504082901832157,0.39067329717140503,-0.14140719132931126,0.04690114253939246,0.23020239658487934,0.10185378219051602,-0.15710923140482413,-0.12144052739988699
1.2328558371239875,0.23039170058929082,0.3340523128825442,-0.10286993803718353,0.0511084329813409,0.21493710593283807,0.03510064696518697,-0.11450557678202981,-0.08834557562127181
0.604460854553188,0.16399665669893254,0.3167575897137501,-0.12683117012021264,0.1782024179830551,0.19887894333815714,-0.14907992188826322,-0.053851405884819174,-0.04634455735064952
0.6293264345568836,0.4424659778699609,0.6731257342112333,-0.2583040508803368,-0.22514851776519418,0.04242481084074211,0.2170027318812361,0.20223175750533734,0.002365397244670185
2.0082422408220513,0.263145273934228,0.3250005422421863,-0.08261726027416086,-0.004486842325385616,0.16148596666174506,0.0822984334954467,-0.07494777890998922,-0.08113137966041585
0.9966980646888632,0.09503697742595707,0.3023900314200938,-0.05730509248425808,0.10881150965722464,0.10648510828728827,-0.05958392353882917,-0.03450244285188882,-0.032563359327204965
2.3473417852535814,0.36983007000500867,0.3752528836509898,-0.11932840752491305,-0.05882703068299739,0.07665449732510077,0.16342087961511806,0.03324366049671911,-0.1038849238617208
0.8909909631422515,0.4439086116626128,0.5290675296001481,-0.3580388490588054,-0.11830904611011113,0.09925116445847564,0.31349157642941455,0.1262355197447128,-0.09311493051832333
1.6063889099274025,0.2868517998373776,0.7808662641311231,-0.10749073720490755,-0.14216495792773354,0.06202295556416745,0.07151396466981999,0.06403387362450222,0.07510544841984476
2.474970537813258,0.18662655359459457,0.7820136348886011,-0.07251386549086986,-0.06690230692214724,0.0296989410368903,0.033343028034733546,0.031561091170923976,0.04431761602117567
1.461493067413825,0.10576428676240196,0.5419875121513744,-0.07181826175364742,0.05675446936675493,0.056746189724616175,0.0542355130194077,-0.030338555918525155,-0.06930665387069361
1.9908916487052823,0.21708839442396544,0.45940116679619714,-0.09750812190206855,-0.01600489713682702,0.11078058138268695,0.12237233132999827,-0.008421523916670306,-0.09687438933976891
2.063424181418784,0.14930544878039081,0.39837783182978426,-0.058024664235365536,0.027332737336633342,0.0842051787526728,0.06364001449165492,-0.05460292277770013,-0.05495721137371534
1.8365808445002338,0.35637041906586003,0.6486588187307806,-0.16161988092758006,-0.14467627231043076,0.029256394219261846,0.12896475219143594,0.13307626544575946,0.018433618917140807
1.0773246444427715,0.01829200100982803,0.6893200406031518,-0.023778555151416837,0.010946453865410419,0.006765499605816796,0.006501515098614183,0.010068854895738182,-0.019819329486325317
1.907375043486532,0.1257585763021798,0.499622239005543,-0.06519569438059972,0.03479093079388279,0.06325303411907723,0.06533034162896166,-0.03506690788847504,-0.06319094778238116
1.6893232264941056,0.17071994502662158,0.3566921530888366,-0.06828176776850992,0.04009309969861172,0.12131139527060647,0.03641610795981387,-0.07169398452561641,-0.062327593584922125
1.453160327180883,0.41408531156836,0.6083447046962003,-0.21199188886139678,-0.1693484089180681,0.03426034630482114,0.19477085992322188,0.18189966424809084,-0.008553753990040165
1.0871019796556207,0.05998271473501954,0.6359821993497214,-0.0604769908611745,0.04129555191098519,0.02660787431153092,0.025846766834165327,0.042946131664858236,-0.057021980742068906
0.8025103425655769,0.07545331616296025,0.6554452733894975,-0.08804967202530212,0.061444204125993364,0.029346826240599862,0.030110003169460497,0.06608721653656967,-0.08511850007474749
1.3336415736969123,0.2655230483807441,0.42886822079017756,-0.13974397097224567,0.0014873182046985503,0.19315607875349397,0.16259813287145283,-0.05154992668107982,-0.14366368893650838
0.66777081764627,0.3005975551400418,0.7491261016325186,-0.2722656936103158,-0.10251105649587099,0.1743090257823244,0.0755296650299688,0.09088853753649682,0.05475176752015926
2.230582046549486,0.3192348557857977,0.47112981644623086,-0.1349829428052774,-0.06709595102958822,0.08328498031171222,0.1589629596130746,0.058788628875851706,-0.09744195513616839
1.0302061630611024,0.21371617989598723,0.7776554928729378,-0.2284239193957846,-0.04473988210374757,0.08547308215026436,0.05358655019899812,0.05690344350227525,0.06561547131357276
1.1977832525707321,0.0029808032020502973,0.4085633141767637,-0.0029091423578339764,0.0025385139151640423,0.002257223158083052,-0.001980749606584608,-0.0015757043266728102,-0.0013992628238398484
1.8245929770300715,0.004784870874585068,0.3139814137370818,-0.0030749705054339965,0.0033787871312729533,0.004853307911632393,-0.001728077646313835,-0.0015242257152543112,-0.0014217148709408185
2.1550781838298656,0.46055536271552805,0.6845798730422444,-0.07629905685944331,-0.16256193402643757,-0.0662484856963709,0.09864574224549177,0.13054797718798986,0.07807495023902485
1.014431465382762,0.1485593730175528,0.6427385576113689,-0.1438281603825976,0.07742507373855109,0.0725356009108004,0.060856352228667934,0.09366430738238926,-0.14592472699662776
1.0632991175741227,0.06456032739365897,0.5571039328117269,-0.05784111377689958,0.05056999810466558,0.03477737971813055,0.03798448459873239,-0.053296572519522065,-0.047919979484546675
1.121558238092616,0.1087576469726182,0.47042790838601084,-0.07632226195236883,0.08948139117228732,0.07332905452402134,0.08740605389943122,-0.08328048109305505,-0.06245361602177927
1.699426580277386,0.03000212310813921,0.5351497785419582,-0.021942671053096933,0.01589660676103656,0.014669541779061462,0.0145446035378928,-0.016129644501467994,-0.01723751520795055
1.3530543359866565,0.3333249918330476,0.7493734229551337,-0.15029142755680058,-0.1753923312490362,0.05191748134869584,0.10494324963344429,0.09289391885627167,0.07208780757071506
2.334893927260058,0.3768262197280702,0.603071362735881,-0.13858795150388503,-0.13339975762321446,0.004930875868757806,0.1216774395381541,0.13262042470550106,0.017244042755134224
2.3980794556145817,0.26570308629036754,0.5959551170876378,-0.13035935633200182,-0.07654559580924788,0.06654070226988953,0.08830256912004719,0.09309331155150878,-0.0203528500734298
1.2484278128676152,0.16070926239762673,0.6798556690921023,-0.15346371868766953,0.028676802887469717,0.07137526661342827,0.056889388132145634,0.06764043781096907,-0.06700632944423263
0.9779670524479709,0.27610638510615965,0.6267901376126195,-0.2660499688267203,-0.04213987465376018,0.17007845826072418,0.12386854374146086,0.14550922532169272,-0.09339143896387882
1.039586434191209,0.00831438234397519,0.3203622487997481,-0.007913719672389392,0.0086770661923981,0.01101998211999003,-0.004809864677682921,-0.0030433671721686326,-0.00317780063781748
1.563438877437719,0.2944002569272878,0.34481520636566265,-0.11425402266890004,0.0004146776872984955,0.20250710091919405,0.1129085109629354,-0.09441017657241732,-0.11401009355459012
1.330502429266465,0.14389546434360323,0.6331095692426788,-0.12047375428663085,0.04737402288261121,0.06818998557103387,0.05834166940281313,0.07731613374327788,-0.11466794204168308
2.0559904821960915,0.48696822398621303,0.7153040867150542,-0.06177399553537863,-0.13591181431324983,-0.09334998265211837,0.07233153911558954,0.1293308074027173,0.09728102572280523
1.3457486693371248,0.38279740769176973,0.48540879759765854,-0.23564434533133952,-0.08086711118906867,0.118383606797855,0.2565912250023194,0.07558154320985688,-0.12337397474232131
1.5201454133510313,0.1626829140535257,0.5167997753542211,-0.09933389758767663,0.03247547617166712,0.09295135455053254,0.08781097952424859,-0.012772965135333096,-0.10019986212529307
0.8720590900652829,0.17056414323927255,0.4324533093736918,-0.11912320745240515,0.106390164261019,0.1340620642265478,0.09271402800908378,-0.13638921642241314,-0.08774351166610286
1.4364621482645077,0.4961558831541288,0.47820273494166504,-0.26465743673144254,-0.14713185986886887,0.05100611145039028,0.2660858012471006,0.14692092627622164,-0.05122525268073974
0.5545731500540636,0.4759905956042007,0.642264743280937,-0.26298230883278084,-0.22260699130583128,0.029676125802300682,0.2643344733356053,0.24039885998248323,-0.01476406918080174
1.4655715832897926,0.3382460552600341,0.6506872492684184,-0.22279932386536777,-0.13153990613621547,0.07467493976098794,0.1386784337716137,0.14270224903516285,-0.005040569066787875
1.5226818293618858,0.11740110251525143,0.6085952980144423,-0.08744924604083902,0.04603290752885179,0.0542662255796689,0.04863184506159757,0.05226684021305397,-0.08618394781531961
0.9146763335439028,0.2999067741943062,0.31956503602836955,-0.1429165387244729,0.049244247127918785,0.3299115489660721,0.05835017740091526,-0.16964443249933364,-0.11353952730500864
2.273167640139157,0.34866491093833457,0.34951053913846386,-0.10727816180071631,-0.04356415959241211,0.09716114180071139,0.14520202841077143,0.004745955974472864,-0.10300954285263964
2.218137865304109,0.21559652301204268,0.7502281610032189,-0.10542838057835538,-0.079758906972906,0.044609576682792675,0.04794152494846206,0.04523170261891322,0.046093031598186486
1.8680459778291603,0.34612238983427585,0.34100406496146196,-0.1189129460868429,-0.02917567198412283,0.1386873122424706,0.14770091402288096,-0.02431981567065311,-0.12053181022748426
1.0937185273268748,0.478683697844083,0.4724084500640489,-0.32136249072388623,-0.11997403972866098,0.09317944671125816,0.3430360808404304,0.11763500066701665,-0.09513405422989857
2.294201935121208,0.4264578117391121,0.4675025394834007,-0.1665657264856318,-0.10983129718874104,0.030195906638395463,0.18911549033103583,0.1070915908401804,-0.03438903125681525
0.9197341736266635,0.32399728820571017,0.5122999501169373,-0.23774552090948622,-0.03083744350419229,0.20790014415812272,0.21756486024400354,0.039712372863399084,-0.19516047295567404
0.8532853861390968,0.06337596145622054,0.4004672675973925,-0.05501598011071704,0.06558257603591834,0.0535408946698688,-0.05547664074884517,-0.03435412004972742,-0.028842418236349365
0.5632495406338378,0.32766496443282483,0.5630886136994064,-0.28305832094202044,-0.01768541852544977,0.2169024997700631,0.16301350281660731,0.07520636488331203,-0.14747499674818132
1.0254805331075052,0.13225727463996656,0.37230107100817617,-0.08107208841898303,0.12261204682428489,0.11614889351381684,-0.027332639816019307,-0.0719863772980076,-0.05605430403686479
0.7138600877217538,0.2229828447734007,0.7829824647035326,-0.2809371304401014,-0.020491057287824396,0.09436710749488923,0.044213382137504594,0.05891362866003799,0.08413563927192425
0.5933884766715034,0.04383809078227335,0.6705159046278013,-0.06489905372508027,0.03225230640983909,0.011318130851324989,0.015699265483802516,0.050496706439630765,-0.04979751298294145
1.647651845023611,0.2770338566008324,0.6000823087867231,-0.18990138405829618,-0.07111632388440568,0.11623463651758917,0.11799220337458559,0.1127539281089441,-0.058834718137933395
1.7316574052441458,0.2055333775026814,0.4358752527861833,-0.09605783639396656,0.005276137753327919,0.12496521943785384,0.1189912518393863,-0.061110399772310045,-0.09594535091968036
1.7684978475002622,0.012837250920323284,0.44597682003439587,-0.009336523573413129,0.0076390675873831415,0.0073109238782369645,0.002021606381516409,-0.006393949774304347,-0.005713762112529105
0.6663819733172709,0.2235861286930586,0.752378764293635,-0.3290298468712585,0.0024296022907902386,0.09952818614047725,0.04745303015097755,0.07396874656559227,0.03413659732477067
0.9945010327502462,0.014448185330298569,0.5339010605663759,-0.01678866848378475,0.011206356948111456,0.008067922466338967,0.01038229534915027,-0.013441700691293114,-0.009805153206858805
2.030483885082979,0.0751626689663566,0.7850001163030557,-0.05961640406778731,0.008054466568174488,0.01673610803043598,0.014608049395744852,0.014338957777998033,0.026539328216738475
0.7104476676470919,0.13986465967537287,0.39981289980492724,-0.11227732901260701,0.15654532328797685,0.11732427177293629,-0.005259468329114093,-0.08580240940598709,-0.057604531655799776
0.7453464380466144,0.17606335601490092,0.31017537790737926,-0.11337632657275164,0.14550625042451942,0.20731737560371855,-0.12353156477570552,-0.0686653455674576,-0.05555380161505237
0.6402767192838774,0.35506913827841297,0.6412661180803176,-0.37014086307246996,-0.08288519804981351,0.14998153437209352,0.1440212877131364,0.19690004653200024,-0.0544852541643009
2.1408338137908984,0.09646393120284452,0.34131898492468815,-0.03341865779806059,0.04110550576346046,0.0595665588014332,-0.01182343804781128,-0.03126086831530896,-0.028755986684183436
2.2211353713991273,0.1803353314010896,0.6376236446154583,-0.10522512061159145,-0.03634644248599276,0.057862531075172405,0.0564081744272312,0.06767126267975776,-0.03695147662509697
1.3435070695362916,0.24490044402132027,0.7839912610675981,-0.14801718050845702,-0.10269300977913409,0.08216032990485135,0.06185339596031765,0.05767289282712046,0.07186783067506956
1.52684120208363,0.06300083526489109,0.46439127945001163,-0.03870218286102668,0.04108371045057162,0.03797609062345291,0.04829629490647448,-0.037379962568118166,-0.032045945244622266
1.6305731007953495,0.44983285234346365,0.708760323170799,-0.11214693590973965,-0.1846199712869457,-0.05592717151543185,0.13691112846967993,0.14096592725773946,0.08060913985531395
1.7513370354092817,0.13702485399820413,0.7494390788926518,-0.11520346674822103,0.002659400573625366,0.04051272255230198,0.03395962268390128,0.03370599482957659,0.024156832524369665
2.235562560405606,0.02255117856898381,0.4304208394752585,-0.012201540346069968,0.009928123321690397,0.011209178865567822,0.003937816263593314,-0.00864933647927081,-0.008341677050165879
1.1790300182176914,0.35575274351874814,0.5421859455984384,-0.26584330142821905,-0.08189388166626942,0.13123559159007828,0.2096519050989665,0.103268394369054,-0.11127286177349291
0.7025077411614766,0.004951047104973905,0.6559867708610652,-0.00771686002778583,0.003291455712411642,0.0015803447209310152,0.002207333248872099,0.0048863914399788705,-0.005065170943590486
1.3056611428770046,0.4148685782622537,0.38557379721834256,-0.1995833959859134,-0.049348854211983956,0.15259242035058965,0.2459661647134894,0.01905228223899463,-0.19087629290417776
2.2725338870412415,0.2848810684435929,0.3919777244263657,-0.09847163974122355,-0.035072713280707254,0.11673719617901346,0.13217450409604756,-0.006043054511586222,-0.09582898278577039
1.5307015120204892,0.10830482407252606,0.7272798854442124,-0.10079152120268897,0.03071053273593079,0.036785683129091085,0.030422045860020723,0.03241877339985237,-0.013963789527749551
1.9630645403006863,0.25059075604520603,0.44139727626883396,-0.10869080814896373,-0.02519519667212338,0.12770845421136356,0.13977490518946845,-0.004619673461558277,-0.10833442106562272
1.1672972797341956,0.24794402607835359,0.6770969244234604,-0.2449455974953969,-0.051539021758660465,0.1256127892209908,0.09319717821713401,0.10380732142666826,-0.034696869133533446
1.1328586185629965,0.17288232572187884,0.7804440838895841,-0.20572043556144887,-0.0026716442170707424,0.06134982937562442,0.04196577027352172,0.045127662461725844,0.05440019411094621
2.419384895787963,0.12646982353728675,0.36284498811020965,-0.04062883449437696,0.02684592778054623,0.06545544240932817,0.02655474410907074,-0.037231555576332426,-0.037276844669090856
2.1961001947558567,0.0656854164806458,0.657172450651331,-0.04286089860437667,0.01344957226506538,0.02071433049188201,0.019165472244874387,0.02642620597211223,-0.032380298666889025
0.9707589111799171,0.4686041236804268,0.5211927043810185,-0.3355183324032396,-0.13879283272493584,0.08118046818094513,0.3235551364556505,0.14186353874075547,-0.07880676077604029
0.67837128101195,0.2304802971121248,0.3022058083081008,-0.13828951092884323,0.10895601257056649,0.2737039051878316,-0.07144495198153586,-0.09600295942517979,-0.06605572252423242
0.7612006961110842,0.24206463432875613,0.7468894909455859,-0.31026741845884165,-0.034444499209545495,0.11943467669147186,0.06129114245781154,0.07996478621962388,0.03363807421985112
2.387701284662952,0.02643535513283002,0.5009449783274661,-0.014657767705828407,0.008856880007295415,0.01092860106889653,0.01430446728658233,-0.008892915887727297,-0.011001297399978741
1.731739207183772,0.3823504078159319,0.7070194873600469,-0.12286587492284151,-0.1825025765225034,-0.006170912691268556,0.12244920444388813,0.11362595331089874,0.06146639803976343
0.8836286442471921,0.4528223417317825,0.5924538387456915,-0.2909048403652066,-0.17549876356895353,0.059860349577649345,0.2759116053523109,0.19740162914483678,-0.0433067779977254
1.0265350646777305,0.1662752616601263,0.7767038798768082,-0.21551735883883583,0.021277805039325998,0.06040160345127548,0.04010560216692969,0.04619411811851964,0.049647990981431044
2.3708994851828598,0.23454966055030085,0.5849850750441473,-0.11718132910256435,-0.05869122520487974,0.07117366777721727,0.08052667957073376,0.08087078740127596,-0.046210626764844144
0.6328215395197581,0.2859107434379269,0.3371965218188227,-0.16589346897468396,0.062101254826523775,0.34122386032208896,0.02978372355428538,-0.18756757251357462,-0.09315123361343602
0.5903414455121343,0.14433516534349167,0.5700214701783508,-0.14607870048687063,0.1518151852779248,0.061668593397320726,0.08181244537169675,-0.02037615814613849,-0.11295522798428372
1.1562912588054,0.4580478808957817,0.5368137405975536,-0.2947483068131749,-0.15219299547760573,0.06466151428501439,0.2828997934678125,0.15796548000975716,-0.059699619297668906
1.1753813240837274,0.0966975474291043,0.3636378978849627,-0.05624036330471933,0.0899128438361825,0.08209168769709067,-0.051367021308214154,-0.04719836570224462,-0.03954332488946044
1.9818008851638105,0.21698449923474428,0.612849993329683,-0.13315981665917972,-0.047200053995953846,0.08147104049674934,0.07879829693924155,0.08667103883388698,-0.05301416370950292
0.8727050475469449,0.13117829151113597,0.4964500487679547,-0.10650239270091617,0.12087150904672947,0.0846131779539914,0.10962096550948897,-0.12130570565236216,-0.08274726712116692
0.7849216924413838,0.17449161541199915,0.6360192853329886,-0.17851879329972606,0.07990096698397373,0.08607979938341537,0.07034362243829707,0.11835881124466197,-0.18247936437010243
0.5022722569413336,0.3982613647775052,0.7261839904572758,-0.24596990954344924,-0.20887402802899663,0.07459016322618979,0.11999803444215823,0.1190150858313439,0.040183955450787026
2.394630450404425,0.37577796669699265,0.7504442926600955,-0.04732565620453881,-0.1389085355929973,-0.043503074133811596,0.07346252192218546,0.07676997366944789,0.07791431445996948
0.5294527812824965,0.4135775290199937,0.3331639494854747,-0.20312581664135518,0.015120534389598159,0.2777099634936396,0.14814146569676057,-0.08038790484409472,-0.16790617709707642
0.8106292475161645,0.4571889935423108,0.7218296610357169,-0.20123711512552048,-0.21623974645009816,-0.021599281330424915,0.20974072294677515,0.16254172014769946,0.06476196895815639
1.4458781992112735,0.4191277255261184,0.5327296798918084,-0.26447881797463124,-0.1301342921212224,0.0664574610730512,0.23399675540352283,0.13731947944142994,-0.05923075153054639
1.4836576429168293,0.402270447783906,0.7811611982818457,-0.09190732156622583,-0.1558580530820007,-0.0469634738376424,0.11175641043074264,0.0968504386965783,0.10347618813493448
2.435249543722633,0.4319350379513711,0.6404759890665366,-0.0848879407337673,-0.15962138290085104,-0.03973822164540274,0.10521878816333381,0.1366170807017292,0.054668671535516744
0.8097928429182217,0.4703692046341914,0.5153844271243071,-0.3684787133335898,-0.12098147534390405,0.09284475518134788,0.35298579904787675,0.12340731592842534,-0.09105722440908025
0.7904167674097586,0.36650186386341804,0.7379270043202302,-0.227966319288243,-0.2030129902013679,0.08214717022008947,0.1281072001034837,0.11651441899419072,0.059165171224482255
0.808880698594425,0.48578508920294783,0.7377242553591274,-0.18173333313353718,-0.1809038208265028,-0.07348042935010346,0.1974006235959362,0.1649422813090025,0.08964221583858221
0.5233300425071525,0.15749504246780144,0.7848591376408318,-0.2766266730595375,0.130504403866018,0.03960109813351613,0.018283643304119683,0.04562785024991128,0.06948743203781611
1.7999036718277552,0.252026223309241,0.6287242411431209,-0.16954147908160697,-0.06786970134622021,0.09579066100616696,0.09418570652701565,0.10440326461106236,-0.03462588878817441
2.456440014780043,0.270045900862326,0.557647770629736,-0.12356619691527111,-0.070355137634571,0.07069272361135832,0.09599379784076126,0.08376903914728978,-0.043441650259403816
1.59483925070881,0.1928760921560435,0.668109105090803,-0.15411952632711884,-0.028342854221795492,0.07912766743153468,0.06687647709310801,0.07303785266131305,-0.03580693860083437
1.8724550241423075,0.14553346899803404,0.6200687686698281,-0.09575123592755316,0.009823844689279135,0.058336092571799426,0.05269436346766309,0.06420939732862721,-0.07829059617507214
2.474896383858181,0.3317391732595364,0.5809148726921958,-0.14266676025135502,-0.10428928424266197,0.029897136300099124,0.10979884958083361,0.11132063468963053,-0.003959612137757351
2.4772377295847137,0.19295285727565248,0.7390289852962428,-0.09422655858581612,-0.06508533929074571,0.03685019271177324,0.04086557351376728,0.03906639359465267,0.0382373643233914
0.7477434289659894,0.24240205963491845,0.5745877852259662,-0.21248156859524428,0.025869613017769005,0.15805849378561926,0.12480041171669584,0.06463276245111914,-0.21687522944925597
2.3872772107115043,0.41957745595101187,0.6412458301486135,-0.0915198259263359,-0.1585372390782052,-0.03216880839588852,0.10953629866166299,0.13462453564596827,0.050500276517266095
1.5418199882397743,0.3134417395257824,0.3056302456745418,-0.10903146649262337,0.007457329802533536,0.22382816841452177,0.0949919693241123,-0.10696861537898547,-0.10682493806511305
0.6564459835419456,0.26114490216998026,0.44350202726616167,-0.17955628917279323,0.04633361800048421,0.22200603781778117,0.16506247974453103,-0.1092512195141578,-0.14297281675195475
2.165574719076184,0.2232441516731376,0.3912890066716614,-0.08024876018984672,-0.011467748340397767,0.11623987719273544,0.10048515658900546,-0.05403838697644192,-0.07904698415841288
1.910954830857803,0.3936501010980801,0.549979482111761,-0.20174123773643685,-0.12711583272108962,0.03809533237497783,0.1725667030637856,0.13472604627168913,-0.026592805266911258
1.9148586358173414,0.3984813353318922,0.7012305990911101,-0.1040826392446364,-0.1787632029868838,-0.024968700969713743,0.11721432904411153,0.1142788599971463,0.06570501923691559
2.035884417938906,0.05670838606460471,0.46535064241952806,-0.028774087783186936,0.02497073690356513,0.02857096075827157,0.03994467039904627,-0.024575326358601393,-0.02463194535986448
2.156185675408552,0.3399352791364301,0.7626759569442563,-0.06241636452115039,-0.14699200161715562,-0.014917503404229605,0.07436476337112728,0.07067220199743242,0.07497773749703023
0.8450203794146267,0.007433554728531744,0.43116154605812734,-0.009070136220019561,0.006713919297449166,0.0058192379761932925,-0.007402815822542641,-0.004269160486512313,-0.003798795823228371
0.8782058488837698,0.23796377818213404,0.5730968991432481,-0.2024609154444529,0.01650375650782595,0.15620030079010802,0.1255567111599884,0.06533958922342105,-0.20483001675918655
1.2548740799794973,0.1888140876755557,0.6507625408298062,-0.16893677700686,0.002635206992074638,0.09243196991477859,0.07411001749888707,0.09582240963084754,-0.08797198033215521
0.7907258770062875,0.4261162803422126,0.5763235438047067,-0.34874529218500855,-0.12616610079238566,0.0954099271746892,0.2645044473010251,0.15759331348669564,-0.07286430497840551
0.6320369334622955,0.3786456711442997,0.6604857075940954,-0.31601404711476566,-0.12091773257101442,0.11573315006017776,0.1526623750752489,0.19682814336696158,-0.027596889321673212
1.4190893858332978,0.3614383412202782,0.5330854403193017,-0.2400813928787546,-0.09230219434442259,0.10465383646962562,0.20197121435341694,0.10533937495187642,-0.09181018914722607
0.5015927559097677,0.4125334214505125,0.31460426313114576,-0.19730996949229312,0.023828177937556216,0.29545650819281666,0.1263893527078733,-0.09974251940663653,-0.1377808190807248
0.7501127955725047,0.483317158717251,0.5570614734552891,-0.31643131063475205,-0.15977779105864087,0.06335334443883762,0.31998034379449347,0.16577424181931555,-0.05954393940436743
1.8941593434447406,0.1500715086636057,0.6068366327945862,-0.09545430451137099,0.006752489440346074,0.06143789404124662,0.05595834252036672,0.06233827506792356,-0.08140459405205824
2.413851275646798,0.3368272819705535,0.3953997978025583,-0.11204783060933932,-0.05525211307868123,0.07897037275204377,0.15391881564418614,0.029309270335729984,-0.09911869056877368
1.7998952876469538,0.2880077831860196,0.39408685258833825,-0.11733494295546712,-0.022200160082179465,0.1582458255054024,0.14532599910309776,-0.02930069687491739,-0.11932693596990232
1.8932824675753424,0.4019734656143207,0.5134241868877436,-0.2037215297230821,-0.1162523117592195,0.04880231711750002,0.1922709684725365,0.11860456071455554,-0.04590924498614541
0.7826005518281438,0.34856016490695774,0.5964984214821589,-0.3429591180143447,-0.0712144260815887,0.16097750819874523,0.1784007884966457,0.1457388444041253,-0.09721581158326205
1.1262886076327472,0.11469383913202141,0.6521636831367481,-0.1097669616477099,0.07024191422408492,0.05212870221067033,0.04523527145799152,0.07031659997689782,-0.1117314859012545
1.0723501664824582,0.20621492443302752,0.7770467691758203,-0.22528973286358114,-0.03908778593169916,0.08020956484399953,0.051870781216384186,0.05476007766154266,0.062153155141348164
1.693586796493145,0.4746013577696143,0.6470341310625267,-0.13285845036970315,-0.20771910279307856,-0.04379972985544739,0.14867469152874746,0.1891567701945929,0.052838548162626314
1.5739232658148987,0.3319568574084335,0.30847968403029047,-0.1147199175061865,-0.0011372340186764987,0.20478217522250813,0.11342030755172604,-0.09311863744533522,-0.11468245301016844
1.9215661140286426,0.13441072151722627,0.4404807219894056,-0.06097862461263305,0.03783028590896036,0.0748445066504762,0.07722924949935615,-0.05486356952174508,-0.058044442246139784
2.4691401040652563,0.021374740154587624,0.6715708366863113,-0.015155788113190103,0.003912868000870872,0.005786089835090399,0.005475705081264924,0.00766229643708896,-0.009385216519831794
2.4554560738873237,0.24460284758868484,0.3218628077829141,-0.06597792328550947,-0.01323287222209832,0.12432795610559125,0.07375902597074316,-0.053398549540676715,-0.06389565844864543
2.2366596597874775,0.07333440093697341,0.3546237065577528,-0.026446408355994076,0.031728970685637986,0.04181884791856387,-0.008257149007735758,-0.02366146042073574,-0.022061232275866687
1.1588957284914883,0.2608945025723111,0.6988349272586312,-0.25962544613682526,-0.07227980712429284,0.12667155441018582,0.0925321095938658,0.09699722935148902,-0.005622238121831126
2.034182388779132,0.3224414143188141,0.709945611340979,-0.10903041358851492,-0.1396267206140008,0.02554109021223154,0.09009734170558652,0.08471896695334626,0.05167766726629232
1.5883106773475226,0.3575486125909762,0.7956541894805405,-0.08114836593492719,-0.16001215968438054,-0.016222750824947677,0.08838014913006167,0.07645460345692508,0.09092296991290236
1.2037870546012974,0.22394669059845979,0.3459278183248957,-0.10483927939022186,0.053344321839901336,0.2038273263109599,0.040809519419393876,-0.11737805909525856,-0.0896544554822985
1.7354077602547715,0.3431089613909879,0.3052917019475519,-0.11058282182990624,-0.011234108188741241,0.17822058214925388,0.1215939563043309,-0.07082926577174287,-0.11164778828740253
1.2238849461396502,0.3786245876480858,0.4361312155341912,-0.21284727809216744,-0.05096678575412402,0.15607049203808898,0.25984918980362204,0.025392108826226185,-0.19104094791480858
1.5489363382701529,0.4363215736656477,0.4449549171102732,-0.22731596879636595,-0.09722793582174147,0.08839814962846247,0.2723753378902104,0.08796483327809845,-0.09741497369022602
0.6549896282803644,0.11260519735719876,0.5667721292297572,-0.1175125111259312,0.11614775552784856,0.05045343850733338,0.06931131136661665,-0.055444766186576656,-0.08514610082804015
2.121624450178376,0.40914107818989454,0.5321241159253426,-0.18192961323527648,-0.12733611291123584,0.023990668051950326,0.1661636503366274,0.13070968538520977,-0.01819026309620776
0.8452632382457514,0.40951096939313464,0.6506846104095594,-0.27499240062599606,-0.1771959258255661,0.07127756535333331,0.20463862055787516,0.20809609359783154,-0.0169090203029926
1.9794200812044185,0.2030752564939367,0.46045917983114,-0.09197673190756858,-0.009740971439788968,0.10519495927344351,0.11542349017316333,-0.01879655091839948,-0.09142799377316627
1.1455209534148445,0.18517455092973772,0.65194713858702,-0.17352257179657699,0.016217910473333562,0.09272018536482075,0.07324643506402256,0.09949675860986074,-0.10137476996942386
1.7344361997975604,0.13854569925502214,0.7230154864227134,-0.11450909405073224,0.006811894682204915,0.04495927184734381,0.03800894592414701,0.03835356762486093,0.003712160346004156
2.225622922752411,0.301454706489036,0.4764657127454272,-0.12929592423711475,-0.061217232453062764,0.09382985114994594,0.14898674137884838,0.05368912798926338,-0.10060909369168333
1.7037796766622315,0.2738781337598204,0.6319706770832001,-0.191169551568497,-0.08098471527115181,0.10297373239275061,0.10557250086317371,0.1152685767661644,-0.029937603953439036
1.3838002969535657,0.3612290878098027,0.3282856762991362,-0.14183063274128052,-0.008031436704528648,0.2017185785430238,0.151824161761192,-0.0611690010314921,-0.14583863033722613
0.9736669703012557,0.16826631904640976,0.6405077260874802,-0.16381748178177447,0.05953425950934628,0.08526774373625079,0.06932193362988354,0.10492774560253611,-0.15441060231486106
1.1623508112170249,0.19470875452472142,0.35799259049164445,-0.09821078424055643,0.06912952943519189,0.17310381789076615,0.026825299765473088,-0.10589816420078253,-0.08030852692826583
1.0601200223854312,0.20962290944428535,0.5138122401723089,-0.14920920900887097,0.034863328446606015,0.1432511443864403,0.1346021781332185,-0.020222174746308913,-0.1542720906300789
1.8772692823485277,0.07972287740144096,0.7571492730260965,-0.06684452639684392,0.014089072435966259,0.021131267214926457,0.018189459338630174,0.018295224151532175,0.013387019879518751
1.7452823215127178,0.4486357118803824,0.34162071174319575,-0.16379705365992833,-0.05930337256615034,0.11496442871711886,0.20451478025979047,0.0405488573102369,-0.14212299747698048
1.1367942118852912,0.379964452562425,0.5602218332500819,-0.30093830865710697,-0.10589140473177333,0.11002391261848761,0.22079977854791194,0.13248115058033147,-0.08631170240735034
0.8533435564719878,0.14466049003128734,0.48757169421694696,-0.11482471312473462,0.1247118690370449,0.09628941192030357,0.12463868306598323,-0.1310339644863684,-0.08895098272357926
1.1599135427250804,0.22333365777023656,0.64309530074836,-0.20524086385007081,-0.017441329406506202,0.11924727029171196,0.09207648654878856,0.11737859362964563,-0.08605098806407763
1.0543994113199289,0.15648665961379432,0.33177590628598547,-0.08405885049218681,0.11810402125881367,0.15705407890667414,-0.06464912606767405,-0.0726089959318326,-0.05826415845128752
1.670019763642178,0.4500920836572235,0.45157412211511444,-0.22512471162279574,-0.11005569520758321,0.06846615859963767,0.26084128854607574,0.10441220563889297,-0.07429262537455716
1.3350681496984234,0.4348955036309369,0.5765101013267251,-0.24337485025209746,-0.1654535559351231,0.044673056677468057,0.23048485702649646,0.178183219871871,-0.03007538234416636
2.1464499640531027,0.473624066881539,0.3508795240985507,-0.15339138707834443,-0.07985894814984042,0.068188218737067,0.1770725240163318,0.0734236764135115,-0.08143233014350469
1.632629742672003,0.08572087670536527,0.4115293458015,-0.04339726917497138,0.05315325149300255,0.05553250733837331,0.022465470529166465,-0.04249002214511213,-0.0366551748614487
1.786321514058364,0.45018326912214224,0.44216001000212873,-0.20990888733744725,-0.10723004007372453,0.06347002028679287,0.24631072559469952,0.10115729012276528,-0.07002174486878908
0.8969769970060675,0.2249417304636498,0.5417499060748228,-0.17797721509675637,0.03274553395818715,0.15192938241371626,0.13383022712711987,0.014766389704525556,-0.1927522244944906
2.3432440217662487,0.004904652203761073,0.7582193423156597,-0.004462804936411132,0.0007343038742004504,0.0010448850488633352,0.0009609048470198281,0.0009599575542315801,-0.0008742442963932491
2.33005813516834,0.17797661631936035,0.4218177519535066,-0.06602981765570412,-0.005092994392634811,0.08479652657553488,0.0880160776128511,-0.04276789054597808,-0.06389143198457538
2.3134929860409263,0.06562709282352935,0.5377289940939012,-0.03376223780054344,0.017908171313657073,0.026024342350498865,0.025144137806151805,-0.011339507635853877,-0.030129614020429074
1.915348303118286,0.452657817742015,0.6762906914548927,-0.10237346394222965,-0.18621591382263686,-0.051501727254751446,0.12500356263170337,0.14445371917157138,0.06831701233993662
1.2473441805569863,0.2164095310819163,0.7229508671620772,-0.2205334459108151,-0.043700219404176156,0.09246004883102876,0.06792119748207702,0.07100126340246353,0.009752922064366162
0.8589154986973113,0.21933140060388,0.5511639517222696,-0.17934593439004798,0.03920487337205737,0.14377862669299907,0.12650921518724723,0.022189142355586684,-0.19488663046143495
0.837390137033794,0.1042450034512627,0.584445919286704,-0.10194140089803176,0.09431304665416793,0.05171401631419711,0.0569104511733785,-0.005786872600909133,-0.08994548629686062
2.292705062954581,0.2461383533565788,0.6279810045371074,-0.13197159454271115,-0.07283183637402983,0.0669842892370404,0.0782184536765142,0.0887324474266881,-0.01136103927173921
1.7120081739714834,0.043819880144624845,0.646393422614145,-0.03550702013701516,0.017863564035537675,0.016705293965747093,0.015286587420993402,0.027678391321514693,-0.03106937755853347
0.6388999907965942,0.06152414015239138,0.7694022207275943,-0.1000220512731803,0.04389216548772984,0.013770142314357239,0.011316186659940549,0.026392781615641833,-0.0429520496647266
2.379361192938627,0.01831434712124619,0.6775180946222923,-0.013804048147927746,0.0036892595422092452,0.005041169398832899,0.0047287272661936585,0.00597453481942074,-0.008469264662878423
1.9922000583179837,0.13476137766552754,0.43942536236870033,-0.059444155749822376,0.034054884812535026,0.073065405383599,0.07617640677471227,-0.05198639008378351,-0.05666632676383096
2.37444455739886,0.4754133702999994,0.3392433813058794,-0.13672364954770524,-0.07787442991272069,0.058712428714436785,0.15692542315586958,0.07251813636122922,-0.07275389666288216
1.5011504644810696,0.3975530642233693,0.44546299868888944,-0.2095402844792068,-0.07668803145965408,0.1115764979958467,0.2577738721566416,0.06132769638272604,-0.12808417671229447
0.583721922786081,0.12230728997013174,0.3756290218979708,-0.11489051658423388,0.15393008459330465,0.11224951240497302,-0.10450305026439119,-0.05191559768692004,-0.040982293337266454
1.3921322346738285,0.43101749982742904,0.38970625328352143,-0.20506783583817698,-0.0622995528001178,0.13328510732862794,0.25501838779567276,0.03979567940159468,-0.16380815868071585
1.8407266005079195,0.4258930620343765,0.7587636752509903,-0.06924676991355252,-0.14191567977896272,-0.0679532619568857,0.10040109631783593,0.102345763171517,0.09723410012916299
2.304865433093865,0.15875291070534459,0.7080955396068427,-0.09619185512606587,-0.03161410373453295,0.0403308677179845,0.03913019605326543,0.03794392229321624,0.014496761167079028
1.616067355005175,0.10218903181455097,0.4047403353866959,-0.0501415185101286,0.06096541917633215,0.06772258893435491,0.0297148641668995,-0.050354473956881286,-0.04323265171021044
0.639395344344136,0.037179629077633,0.606507040566714,-0.051583192878228865,0.028485498451350805,0.01308417773543972,0.021206141575359914,-0.0409467434379251,-0.03041723505276613
0.9388641865804688,0.06843875583023556,0.6816586564874735,-0.07899078029262331,0.04902429590808149,0.026548382178307652,0.024559249263839095,0.041039068641935766,-0.08002345102707678
1.6017689629428424,0.4638539571599784,0.5446742849948015,-0.20925747661011326,-0.16772334388185509,0.02192772281961365,0.21546817289768463,0.17062200581602088,-0.017801644499854996
1.3052281638930463,0.20035171078787395,0.31811403622097023,-0.08507770664575413,0.06237279954589772,0.19111713738468536,-0.004583567031531565,-0.08807190961157094,-0.07062918171529618
1.5797852562310166,0.19152075745095715,0.5650039512108064,-0.12561515532897166,-0.0040363532115875395,0.09876461977298084,0.08853501749573568,0.05240291944679414,-0.12222242022915973
1.5993338737994842,0.08923085976951317,0.6164122951071307,-0.06661657525630645,0.03811552465386647,0.038845693563316595,0.03527382872167271,0.04402681395402916,-0.06416473195600719
2.4271623993334486,0.3288826222612368,0.7723230092485116,-0.042928930945438565,-0.13086543892932967,-0.017606582384161983,0.061208461453234636,0.06028288954604006,0.06986279063969499
1.3650978294093907,0.31212501697818335,0.735465219107299,-0.16779387440257873,-0.14902061453546844,0.08345263137589914,0.10045427007087197,0.09172775658272399,0.05525801317513974
2.2277361080612983,0.31003804186949313,0.30315290355714286,-0.0840734563297778,-0.01928618053599034,0.14623224682152972,0.09932477341767888,-0.057935793915590963,-0.08303352083667653
0.5462935579191632,0.21669703018040598,0.43661389425722585,-0.16800744551674113,0.08939194257052274,0.1558460386748433,0.11325090053328091,-0.189728239747524,-0.08787701110993555
0.817943342945316,0.038519962621599124,0.41888855870165287,-0.03933948744159621,0.03742473236946381,0.031016192874949625,-0.03729325898741105,-0.021662253703939108,-0.018537109001873962
1.517471128913619,0.18974765859466092,0.6670866431023206,-0.15681375196710307,-0.021212689424532385,0.08083288651006063,0.06719731557320707,0.07512499876118708,-0.043673697342745045
1.5277915051047533,0.2824065229772216,0.7718509551033139,-0.12490091415969844,-0.13661817424825945,0.07326398435759099,0.07441795681676973,0.06719460995397257,0.07241083170362958
2.0576409802525832,0.42475999672700876,0.5969505768983984,-0.14090667877684007,-0.1610754398081536,-0.00543611341123578,0.14896001607201975,0.15994694069459062,0.020108906264177325
2.3606199748823897,0.38145271890156923,0.6155383607103551,-0.12295253572117815,-0.1386302475558442,-0.0025468300407359033,0.11724417985210704,0.13242261735364583,0.02595606436837465
2.3217519493306886,0.23501813789843518,0.5746104309280406,-0.11789106128481171,-0.05605936998133988,0.0755447163813922,0.08402738189459096,0.07830308141330697,-0.058541032532163355
1.4382612687457046,0.467840380042105,0.46687772118588233,-0.2652364651124234,-0.12318454591172674,0.07178301131102799,0.290120423085288,0.12014216231234999,-0.07468419381790267
2.2439114650339467,0.0646514743055211,0.6199498269477229,-0.039187207264620515,0.01459909994468027,0.021970232326652937,0.020631514399331335,0.032349909909415,-0.032869749265612876
0.9808760309757136,0.07611600834698201,0.7472215106266598,-0.09749470307750781,0.04722103734052302,0.02527854127211157,0.020260059318576756,0.02876455713581455,-0.043833644984485345
0.6290454744377547,0.4566660983764078,0.7252497232923042,-0.21672808168827334,-0.21154652056803985,-0.0073504295387506035,0.21023898422552253,0.15056626245149693,0.05687587449976601
2.0512710152745317,0.028591344866443436,0.3584239621050396,-0.013832773043199006,0.016001606255026498,0.01739799546228455,-0.007451495939093699,-0.009965768558639464,-0.009136890395939816
2.4916623587112867,0.23696204606040816,0.3938602067285083,-0.0770876275663363,-0.025332538413605738,0.10045363114919205,0.1046211392451575,-0.029838339453609936,-0.07436675142319019
1.2128046735832962,0.3673491459463042,0.6216979570275194,-0.2743516622911949,-0.13392858404686098,0.08600117206180115,0.1782995212727814,0.1734820382189895,-0.034891822874804995
2.158636754673156,0.4265280372437809,0.5670337307746183,-0.15191037797887566,-0.14872282766983858,0.0005248610291305987,0.15198617130355563,0.15071615179146539,0.009043532183844967
0.5878996737315312,0.17057814496616452,0.4866178217041888,-0.15021752339186462,0.13665554216798242,0.09894052920079843,0.1601581126662898,-0.1609580875027609,-0.08831816072052352
1.9869007395984146,0.3729703363932087,0.6130165037733499,-0.1672804324935975,-0.13983069364407458,0.021893640885407357,0.13806486200995552,0.14349480326977002,0.007833473022503716
2.2346544511437614,0.14165207391423362,0.4535494143809374,-0.059052415022606546,0.017661374563823228,0.06770805640821763,0.07826007983791375,-0.03936995483939797,-0.05666841180446201
2.482487287355689,0.37573328673406364,0.31278408821840303,-0.09676296361841467,-0.04394241037942495,0.09382178296371829,0.13401356075474477,0.008644445378828431,-0.0907439414052158
0.6460760839666511,0.13299043973340352,0.7342063447825516,-0.18509101568883896,0.12114321069599257,0.04159976478719419,0.028965815204069073,0.06193837563260145,-0.054470770718927475
1.4783831667098841,0.12783394403881815,0.42399870608088525,-0.0674057080215689,0.07134651800121536,0.08661291798612925,0.06433389086205682,-0.0713079681694079,-0.06000682048150409
1.884789025174258,0.22761673466796395,0.6387952754530721,-0.15084428039855718,-0.05705118026037572,0.0837646003329507,0.07993405814770989,0.0910428763065343,-0.030285983475972666
1.7267357069477158,0.23433626416728515,0.45972922363825885,-0.11536337777992546,-0.01275893450086046,0.1350202775707053,0.14220768207750428,-0.012393910105327054,-0.117281888918678
0.9157031229764967,0.38929228505774705,0.5156799215912979,-0.3009178309043794,-0.07398066481642966,0.1438548632587906,0.27031536806491463,0.08155196599310283,-0.1371560774139225
1.9829622365341317,0.22761712506273069,0.6862309254428771,-0.1479940660605499,-0.0710469877698857,0.06873218783888556,0.06781065520969251,0.06583864281308816,0.010093503781641668
2.0306239493268015,0.04784714498151621,0.6634168440774002,-0.03476206803843806,0.013211444578687894,0.015713984268362343,0.014371260399098631,0.020012990945953685,-0.027337241554287097
2.4986192180123847,0.25237476951951004,0.658300271587909,-0.12036606734239591,-0.0837031175709216,0.05068185076654801,0.06896241268689772,0.0730011221499801,0.015164424129474241
0.5163619928479659,0.17942673334881215,0.6663955156855591,-0.20646803742265837,0.11556348131541108,0.060638549801014706,0.04538424404440129,0.14603457259823643,-0.15691630579143998
1.3048257768268208,0.10781846655418131,0.34839602535925435,-0.05493527375830231,0.09018447995942304,0.09102235049882063,-0.04847980105194019,-0.048717370186517284,-0.04121485744228697
2.4644984589412893,0.20141075887546128,0.5435210014406775,-0.09177177735766728,-0.03747326940160759,0.06896099874978269,0.07336107459745829,0.05340060782806852,-0.07238980522371885
2.189494278831394,0.05584297007244504,0.6850321754571387,-0.03868740692238974,0.011016503597639461,0.016319623321011997,0.014978959216504002,0.015735242379236646,-0.025240207441496916
0.551503446669463,0.03274275975846813,0.3674107815057496,-0.04577484749851777,0.03165617818720556,0.03718373962191634,-0.030693551239620042,-0.009275138339793989,-0.012413566398097903
0.6722609806711426,0.2363803136689368,0.7269108537961453,-0.33121652552728603,-0.003990551738628098,0.11653835165640017,0.057801939199113514,0.09188001400583483,-0.0019108899291187219
1.7236438210443656,0.20907773076557185,0.7715957572924961,-0.1345308526054122,-0.07367014525581388,0.057795870738892495,0.049611454990787354,0.04667480905918932,0.05358666619869167
0.6825288352101988,0.36934695794020794,0.374093730463978,-0.2008603635027745,0.009482348504503572,0.2587332759893513,0.16305719641547048,-0.08096569434088809,-0.19083857534060014
0.9288692391007809,0.13927920088642198,0.790208378355207,-0.20010682999694532,0.06502603975969731,0.045789626140336215,0.029859535234414446,0.037815118534178765,0.05600582042279525
1.2778149082364907,0.2323025223632028,0.7455980172826895,-0.21302103239322087,-0.0703029233137377,0.09274023564351033,0.06789718452625226,0.06746962947285333,0.03981875017894738
2.0113414109494276,0.0030636153877866,0.35590180887752315,-0.001976044848821467,0.001819329438388001,0.0019732735078321563,-0.0009472268537204926,-0.0010650941062834908,-0.0009807081875800837
1.6389085910517638,0.14625053710154934,0.6663545887603508,-0.11509238459543542,0.015414093780089098,0.05790458323198193,0.04960954997752617,0.0570149323614177,-0.06308853334060562
0.7618040390793206,0.4067544502978932,0.6416771268022046,-0.29679285031837227,-0.15664692395096913,0.08498775535745465,0.20340134462571674,0.2128613275983807,-0.030211561143115347
2.398126763417353,0.3880595492292497,0.36392838311779774,-0.11935760228242379,-0.061512773087412626,0.07133493970106694,0.16342849162322953,0.03849413568203469,-0.1003417289868686
2.0906785250499134,0.43016924945507945,0.5061406701591238,-0.1874511215541948,-0.12732092039589038,0.025676700300152146,0.18380257978809145,0.1280244309522306,-0.024721848461408465
1.0575050785597888,0.1114726449648133,0.3254158555974843,-0.06402340851134665,0.11619295914058514,0.1170035856147317,-0.07305614865905129,-0.046776180355838894,-0.04073746004713369
1.2710616943969855,0.2478981568207917,0.6852557404580608,-0.23412003511313942,-0.06147811241877539,0.11652634466763778,0.08990043498399053,0.09445524943052054,-0.01862183286426473
1.701486430788409,0.22256369578452312,0.6617373968688469,-0.16598838309504044,-0.05363012520105336,0.0869767997322574,0.07734504628102568,0.08339598816932862,-0.02384805399007753
1.7591672869363382,0.2576418433949804,0.34199690624545476,-0.09293474698073485,0.004105066812349136,0.17437037491024235,0.0870266327543917,-0.08956922768993339,-0.09111439317671549
2.4930094067216944,0.2130526574385011,0.3515119513663728,-0.062275786489609575,-0.011156912750067331,0.10206914502942693,0.07338122487955526,-0.04915075896717125,-0.0600075645881119
1.3074707819956488,0.19605015432772088,0.6984464075173311,-0.18932346549172407,-0.02082096605280102,0.08511934410370245,0.06564406302833874,0.07066287123564645,-0.02212582849071005
1.9570490167231418,0.4742025593015659,0.7987835081859773,-0.028923312216704217,-0.10338878981077045,-0.10664777846358099,0.052556047617535954,0.09342186611486111,0.10233143282849322
1.724583088924901,0.0994141662911463,0.4944271576419993,-0.05580643480220729,0.04588105821571129,0.053617670851361855,0.05904672243292118,-0.04683827783900206,-0.052314591197916836
1.045288280760074,0.2719473925111034,0.5310285626297091,-0.20017290594846426,-0.012137162966056624,0.19078692397288127,0.16350858737444512,0.038548621286517155,-0.20212368617104273
1.3340759709539503,0.3471025492727235,0.6649128228169096,-0.22018060769342068,-0.14414274665082044,0.07344848906788874,0.14342342172938258,0.14171208623450177,0.002661055522301321
1.1120092499165464,0.0461380938499561,0.7992079744055155,-0.06415139666392368,0.021297141577188605,0.012404512873861618,0.009704194462827219,0.012153163977632624,0.022736648891180076
1.7693049202065896,0.04581689380242232,0.5499741280600409,-0.030836291688028046,0.02190954514829088,0.021368299981601904,0.020632177831383672,-0.018717542032559365,-0.026721719230015675
1.3911629239307888,0.08567977672991867,0.6959513888879709,-0.08110434888095679,0.03865560009720957,0.03241497434221595,0.027645753733179273,0.03215262204367273,-0.06511299179796576
1.8010361107284807,0.09514004705311835,0.7038069002482948,-0.07592593125935042,0.021745033994084995,0.031090890317432663,0.027045825912865185,0.028032034338206942,-0.03575471264603949
1.5464437954696824,0.4963242341770437,0.6080499760126059,-0.16259898311021315,-0.2196475971728434,-0.03025516622024077,0.16508722682866966,0.2189482734156937,0.03134972372781155
0.708767952531941,0.23741318129135636,0.40190177087234047,-0.15669441453308122,0.07041940656390842,0.21624482179045945,0.08555408970403389,-0.18525376928584827,-0.10565266444433434
0.7424756812238216,0.24352507951517233,0.6344746893099455,-0.2510113692009826,0.010264085070763559,0.1451142439585501,0.09642422216042164,0.1499109227386935,-0.12538213066022663
0.5670411761181533,0.14551191177771627,0.5164115747443396,-0.14153913853120473,0.15967230275252384,0.07060109058007283,0.12179547307286755,-0.14021511798463362,-0.08151969183027802
0.6299329463018697,0.3414485411266059,0.5401638416382135,-0.27990625982414524,-0.026464613981523177,0.200511894697635,0.20112515041911616,0.058407937521197974,-0.16294273630556325
1.290776118229915,0.46135784975437877,0.6395708392241357,-0.19183069686785847,-0.2263848977070192,-0.006477247297452731,0.2063712777399415,0.21477364212394276,0.023234161785192053
1.3360278089343756,0.10998166302773177,0.5118605988445847,-0.07434887130980115,0.06947886856739999,0.06501898316103094,0.06682190376937935,-0.06618617686883145,-0.06899191374501981
1.6588487791125064,0.3443891384341665,0.5012795474104835,-0.19321446389322897,-0.0770068486286028,0.10359292602822316,0.19170765240472368,0.07747203601933646,-0.10292004959386482
1.6469076740734976,0.18259993556798831,0.6258474261725978,-0.1321055538275617,-0.013710596002808637,0.0804520999617524,0.07022783600636662,0.08320599765970148,-0.0879678288072515
1.9518289494424885,0.45549462375329863,0.7042031215108109,-0.08357126869548687,-0.16275050722428602,-0.06734793248678562,0.10871723247477877,0.12981562913643835,0.08365798110550236
0.5768711143752911,0.23984283987178728,0.5525976225380843,-0.20387513267671908,0.0486904215538333,0.1442890826610636,0.13033182019838235,0.02024147757415314,-0.2237763249890224
2.0530047618336056,0.17690388815391456,0.7576312628881846,-0.11379278129406441,-0.05097118036547818,0.04294437507996741,0.0397135014206671,0.037783779637031965,0.04036301447724824
1.6664325253209602,0.2905767731060101,0.5638338806703493,-0.18465170692443902,-0.06850181018240749,0.12250038628438241,0.134887718235153,0.09726823866938493,-0.08095602991036066
1.8924230578647707,0.22739390869333648,0.5265189448874047,-0.1224130204614353,-0.031086027161806064,0.10676814565600053,0.1047768964111565,0.0453436601437611,-0.1125567604050884
1.6800523105815621,0.24276575969489655,0.48056175668016315,-0.127422750019407,-0.01954943665598452,0.13711344294734987,0.14484352693026958,0.007565695673051296,-0.12916619646981603
1.4764467001465178,0.12354395991563083,0.4268889621030088,-0.06586536526072352,0.07135410006256976,0.08317722837030565,0.0639932878805996,-0.06946979725695772,-0.05842455014965337
1.5845528983781487,0.14112104538226988,0.7421937177525533,-0.1286447431144399,0.010113060785805147,0.04609338829352726,0.03748676738026448,0.03816324461072763,0.01625715685316808
1.3230682916839351,0.3453617542444388,0.7276259152603141,-0.16841402935894056,-0.17680705982882564,0.049724787114841414,0.11920759154665983,0.10663374244482315,0.05716057459396648
1.3928269897758854,0.2540213239678476,0.7313018195601164,-0.19982264502229183,-0.09134528794109001,0.09710984867044661,0.07815377465099055,0.07541240903053666,0.03539059770621393
0.9784833693920798,0.23719139215345875,0.4100943030360133,-0.13972556827194255,0.0481546014174289,0.20661284618376274,0.11732693514983747,-0.14652559267842252,-0.12253602135810024
0.550187374029693,0.49762358098060827,0.7153383501236219,-0.21327245820034596,-0.17466505382816372,-0.04469104648396371,0.21639180271224578,0.17113576746150533,0.047464819242543616
1.5994278381456581,0.014540546112357833,0.4093574885509276,-0.010649606034345708,0.01013259505171451,0.009464264063464154,-0.004741185236551151,-0.006987681660305841,-0.006159962514608048
1.414245054765581,0.39706361210860847,0.46184554703938147,-0.2254862413984701,-0.08068492067430197,0.1134911409482077,0.268125213030987,0.06915228265785202,-0.12460584016520987
0.7762092039411814,0.23050913594152456,0.3367565150781459,-0.13492804991509752,0.08949364477734745,0.2540518834612939,-0.007569655679317834,-0.12804193073367368,-0.08216439517841921
1.3232182826556866,0.2542324072900238,0.6571459063600913,-0.22425204671795398,-0.05971338915572373,0.12319476225675227,0.09993206099160752,0.11329592868384229,-0.04167533892830881
0.9932281031741075,0.42689101207827934,0.30183081944460355,-0.17647478575406317,0.0057447816170452,0.24756794166607868,0.18999087240584112,-0.05945637620884855,-0.18248967538630936
2.384953288871908,0.20223662349771782,0.6550615554095968,-0.11022513984409357,-0.05558282646046406,0.05431640218716436,0.05756350662544497,0.06330568130440893,-0.0038963038626728666
2.086606473347766,0.06704218921848315,0.568959078230364,-0.039288885141126995,0.02118658882888785,0.027119736618327266,0.025668554544654602,-8.267829532577261e-05,-0.03564993630650037
2.2325681950537852,0.3847757069942636,0.5217085041265901,-0.16984465281317435,-0.11146095175836052,0.03256395996686359,0.15609424258390958,0.11449018639778587,-0.02782651358032621
2.328412464217247,0.21717111832223052,0.38096805905347425,-0.07220465946502383,-0.012729491565633709,0.10664885378526359,0.09085216688644379,-0.050573239023691076,-0.07042116925963036
1.4028838273232374,0.3847219894275812,0.48333257554712705,-0.23067429448370042,-0.08330395930777411,0.11223477580315568,0.25363601250758294,0.07762206022805512,-0.11764902442377559
0.8751599104648542,0.3429340119710017,0.36038914217545875,-0.17579782098561053,0.016916598131412768,0.27033499648051373,0.14324968733562488,-0.10383153376464842,-0.16563109528733028
1.22952979615783,0.4509627418763849,0.7457172516495649,-0.133026745515735,-0.1788831152035925,-0.06267670296671943,0.15780525351242664,0.13880053031221434,0.10025320206886904
2.069628758944453,0.1585454665521976,0.6905059566562705,-0.10638939558337716,-0.02190192142397804,0.04831957407280798,0.04435013084822403,0.04388414642625978,-0.004258884200476546
2.443697284257542,0.04884190234521213,0.5342623410750958,-0.024934685404322116,0.012986285833758946,0.018555256735212803,0.018097577380586895,-0.009807744067198983,-0.021188139998923244
0.7084078776523084,0.459591424200836,0.7379473228604834,-0.20076248907609726,-0.1960278717425361,-0.02927377893003453,0.20733506123591955,0.14723289323931654,0.07759889381080362
2.2141382297676975,0.09774010389528665,0.5487900065997455,-0.050982236763004604,0.02171737329106967,0.039469391720805026,0.0377315897430829,0.003766636756529322,-0.047293312468911455
2.083342242357591,0.045533505801936436,0.424636805390799,-0.021927977845270962,0.021518479669694265,0.024229533107938926,0.010419729022200818,-0.01857381054298638,-0.017469172196165353
0.5339445403957053,0.2079814677176564,0.7043290768717088,-0.2712141328899956,0.06315569284889845,0.08063504290954249,0.04209313215548244,0.10788966342336749,-0.05796832924998775
1.4834507932034424,0.026063298528485657,0.38734286662412926,-0.017477642633388975,0.020022214706268204,0.01856302294629972,-0.012022453473716336,-0.012152103884833109,-0.010721967742658198
1.6143204995842657,0.21257436849530553,0.7705247617865486,-0.14668755902510977,-0.07364062962232658,0.06333585437358231,0.052237468823495316,0.04938666558863834,0.05465816058476675
2.3952961060496905,0.3585619568832967,0.6013005285168107,-0.14248080934771246,-0.12324791386938724,0.011945913499746701,0.1150182922533595,0.1245096930276913,0.01251604166971006
1.0384483752869484,0.48311797744963975,0.49248354620280743,-0.33324757768044977,-0.13359403055122568,0.0833466666998884,0.3374936725192692,0.13305300263428638,-0.08378121760128035
1.1348648584274619,0.3460427848309196,0.7893570467296072,-0.13987098437324738,-0.19922778292231533,0.03831571410401445,0.10050766269255697,0.08360048940402443,0.10328430186844313
1.6543773028879483,0.441885901011994,0.5168375979236209,-0.2363291508066529,-0.1387515211688419,0.04392643753828584,0.22536551152118078,0.14085913378964746,-0.04150545649228709
0.7629784404420714,0.1451230828018275,0.4941202413495076,-0.12232733957078373,0.13589213583625734,0.0920301928972988,0.1277334847359318,-0.13939132607062935,-0.08837496038565312
1.3692418995731668,0.4319156407118847,0.34703458229011475,-0.18221071270213893,-0.04110955666214997,0.1592943242309444,0.2243203157547998,0.01022666642341933,-0.18452384952943648
2.393571074923265,0.24004361284172016,0.44473774106427466,-0.09098050309090294,-0.033732334542339704,0.09696143608153682,0.11992499857094069,0.010894224359764771,-0.08585352621689231
1.2256585368345354,0.24341201774998794,0.3281257006282016,-0.10645571767074061,0.04761090503757116,0.23237325201461198,0.039618441094718106,-0.11971157551120432,-0.09211165625077518
1.3860286586343038,0.007803704962478897,0.740062803783033,-0.010071850375986902,0.0033456100670366095,0.002414371925576123,0.002126844357240048,0.0025406659649501568,-0.006651178913857989
0.5411700838209903,0.2493791451795998,0.641728920377614,-0.26541233341720705,0.027981266521587417,0.13328000177286564,0.07507937284308377,0.17223643469542527,-0.11861648116737863
0.8464185519720142,0.030048684960416627,0.6594611797577563,-0.039603532538113405,0.021280256620693255,0.011249011658058635,0.012460680637651675,0.030845786564907603,-0.03219340520302237
1.190472058947559,0.34911666335296404,0.4481546175321716,-0.20289879156629287,-0.03897084846485644,0.1735005325068115,0.24442201800237,0.012791483183039278,-0.20359579419049093
1.021740039760819,0.028050914093868284,0.3844043993220746,-0.02480457524047759,0.027022464100359887,0.024096758375724062,-0.02231187045681406,-0.013844868157881607,-0.012568675409885315
1.09585231984373,0.2122643864510712,0.35816227489905283,-0.10904622119351377,0.06569394640957887,0.19504136533049715,0.03714760251626997,-0.12086410804518362,-0.08870273777826146
1.1077632217403552,0.391188059175896,0.5015074387944565,-0.2746440259835088,-0.08161966515766605,0.13085346592111163,0.2720038445237534,0.08223363516711006,-0.1303019603341606
2.245589646378801,0.33354353993345254,0.41155901926417426,-0.1222703467275974,-0.055977720446226974,0.0883930407620563,0.16435217068969407,0.03126962946245454,-0.10886148805899211
0.6928449283513332,0.3859784844573665,0.4155325548890168,-0.2286237077543303,-0.013127500203017246,0.212565418033674,0.23390669988453586,-0.02880240777218492,-0.2533374085840088
1.0073955450968157,0.24579033921042837,0.34471117873655516,-0.12441670090927211,0.05942749200495426,0.24594747070267953,0.04338162648538645,-0.14224296958952004,-0.09955694044172997
2.086071115068652,0.2742131702910775,0.5086929098418285,-0.13248781842366064,-0.0550529981500393,0.10470069382307315,0.125494660846798,0.058384734964356075,-0.10351743954418048
0.7087722079025889,0.002026625249913261,0.672851261051635,-0.003166787540065143,0.0013109380423378927,0.0006150182295316454,0.0008192516606983726,0.0025340178525110105,-0.0022374551886235987
1.2514940941134596,0.18885672067211196,0.3277120545260218,-0.0853966239339072,0.07077332341255081,0.1781847229494255,-0.008860358823158592,-0.08693065471992768,-0.06915160949968377
1.020113252501005,0.35132122909544333,0.6694021575445472,-0.26600445140264645,-0.13935157388221003,0.10290653897263864,0.1517404827369181,0.15615241547342626,-0.010763391376889964
1.8000093584518746,0.12466967804811285,0.6851304304655718,-0.09518675550902624,0.017739939323245524,0.043569017273918174,0.037954970903786814,0.03965805409339589,-0.042438925196063626
1.516299371214815,0.2683413414042504,0.5898074177670745,-0.19100446354149386,-0.057134188771139384,0.1300139504483697,0.12158231484785356,0.10536653307735443,-0.08303345145303852
2.4709688928134677,0.02727808632846046,0.7068370640388012,-0.019319445510624457,0.004003803689883888,0.0066433811497504,0.006249505902192813,0.006259691368565958,-0.009406665909869768
1.8130230327801167,0.29551809438161886,0.7907700267213353,-0.07846992183205857,-0.1438264437102985,0.03837541261121675,0.06622872636085386,0.059404974009463644,0.07324094579382111
2.408144942341069,0.0633205088616573,0.7446110443793805,-0.04205281879390984,0.004806377607926147,0.013945596061439483,0.013011787770157646,0.012774714865445036,0.002374388524294437
1.8028488205608795,0.1904864684033271,0.3472202939542561,-0.07024854846234373,0.02435597389031475,0.13112194996631793,0.045978317373034365,-0.07306601731136614,-0.06572946080793045
1.4035661853332495,0.23842397197499565,0.6083077449329872,-0.18415429819739831,-0.036228261637502,0.12321643906761408,0.10477583074801389,0.10550322941127792,-0.0920448280469813
1.9112862596288216,0.4484899221720049,0.5378364717878282,-0.18766026972191024,-0.15200918430697988,0.014122821848946546,0.18556647644346902,0.15436305475181492,-0.009816953474430484
2.2754992625138124,0.22799164150411877,0.4620403202851259,-0.0935054268196859,-0.029785265692446744,0.09784125870083535,0.11725886853918939,0.012458640041681117,-0.08907227374324815
1.6588921306840476,0.38745139148647784,0.7173547687625272,-0.12210389475752263,-0.18941005580727968,-0.010599488994261799,0.12419184290370999,0.11380692441025213,0.06815993828200989
1.2737832454027755,0.11425063180825851,0.685749018596389,-0.10998261282366316,0.05348278951222443,0.04696414544846839,0.039139227421740565,0.04753620065040641,-0.0857965520628888
0.600034592296325,0.30332099571356874,0.49325653789587987,-0.21848968448744754,0.010808571006214965,0.24927641156692262,0.22913409164193163,-0.016934450043687804,-0.24178694569911371
0.9408363979718575,0.021608104277110518,0.5734621491964053,-0.02568494440337482,0.016355390857630513,0.01072226610040994,0.013264696991412542,-0.022749539192794377,-0.01665529133535167
0.5120757971132135,0.1771176265355126,0.5589695998908407,-0.17015373567336417,0.1299433031967545,0.07308668012543801,0.09941008272775649,-0.01837150719339183,-0.13096747124135483
1.4368959688159992,0.10935216675296522,0.4487458924140261,-0.06292521817833942,0.06942246070898916,0.07115218979896712,0.07127791486580942,-0.06597751123850427,-0.05542532154174843
1.4864646272496813,0.2528655926899573,0.3931205452987808,-0.11563619066953433,0.007722153191000614,0.18228906505233777,0.12263333653173486,-0.09043311213554615,-0.11517567611456185
1.4052832357666052,0.049391348380711464,0.6963410213837917,-0.048782158339648996,0.023404256564399137,0.01799594044666247,0.01586182088331732,0.01892173066144809,-0.04248702323592466
0.8192348288865112,0.3366517938588673,0.3989389910440148,-0.19148561318726642,0.008343358918419998,0.25985818095809,0.17708395508861563,-0.0757658776636185,-0.19116047552079468
1.1434711910115811,0.4887788666598583,0.6792546580356051,-0.17520600405091016,-0.2197367659134122,-0.048245448381565366,0.1854626759521948,0.2041440333827734,0.05534370199613628
0.6036347530738764,0.33593837879445393,0.42272135326650967,-0.20682753530428402,0.010275616404268183,0.265405581945302,0.17993672466457478,-0.06685522632005511,-0.19771221635752168
1.9541184426882936,0.0014093262139037166,0.4779815700559262,-0.0010961246115085506,0.0007108200826364181,0.0007053202926007424,0.0009787260575272463,-0.000675980095915058,-0.0006406227058247035
1.4049981564287912,0.08965657303764801,0.3304616862239641,-0.042920868382736815,0.07454719761015047,0.07982713854113288,-0.042787186478466195,-0.03607023743112679,-0.03162931056014035
2.383682671407704,0.09083713216053985,0.5854154625862407,-0.048005842821960826,0.01452297208050927,0.03168125971672449,0.0304174179477249,0.03129106472006583,-0.041657568471699276
2.245639249598467,0.4283992632615589,0.413684749898,-0.15654674098410712,-0.09036433850280305,0.05149303724154301,0.19706909109227153,0.08116340900251566,-0.06422998431874158
2.3272391726169985,0.43088661213544516,0.5242413366897893,-0.16076124090934032,-0.13229517258526946,0.006490949933976249,0.1539107660648604,0.13376126175283537,-0.0032973039355344907
2.024261158908141,0.27788135370494615,0.4515152041083199,-0.12086856177426022,-0.04070918040749487,0.12303570312929932,0.1531521375997224,0.019929288704294817,-0.1156854975675524
1.0137446021152636,0.03922673581136116,0.3985924181079156,-0.032858485527471684,0.037552451221712364,0.032247384091771476,-0.030949585604028183,-0.020918376948077865,-0.01817603997532242
2.3984093879307036,0.32757418099163266,0.6064713119876106,-0.14453183623620122,-0.10966891227877694,0.030285180862175173,0.10534548339583323,0.11414605450216349,0.005541698828226492
1.5336150252416962,0.29967011787038056,0.40115339173830084,-0.13658357647516275,-0.017227124913214133,0.1842243291265942,0.16263852298651796,-0.03515858605388316,-0.14132377368900792
2.4995768097860047,0.4010849886439404,0.7766471204891765,-0.02459751019133967,-0.10459623676505589,-0.06655110822395822,0.060312687768358846,0.07129753120273936,0.08130624470704181
1.8759377120310428,0.16578830705208009,0.3861680009486819,-0.06639112966110225,0.027201605358954453,0.10324407198047057,0.06318924768594132,-0.06636222306579098,-0.06280410102173208
0.8664541674747712,0.21581823633009178,0.7542843102175061,-0.2834355440026234,-0.018369522022176926,0.09596304283278036,0.05590290152217988,0.06864046793369294,0.03687579938918106
0.6854641736827658,0.13960714874069485,0.44252770277268555,-0.1190945292711144,0.1525654566987344,0.09933947872918501,0.07716487078035171,-0.11322328410619757,-0.06514109148230578
0.9636833374688529,0.4054052554242152,0.3863863982135763,-0.21507478012377598,-0.025935421682273814,0.19756748378899408,0.24330618940371593,-0.015090468250568142,-0.2323175208337841
1.3407939532372075,0.44969130958616244,0.45112066010862206,-0.25980853483392374,-0.10094324994002118,0.0981261153968067,0.304001883366087,0.09321132868516037,-0.10522024561819171
2.155241219912829,0.4129726104615338,0.6241524634788351,-0.1210354928496584,-0.16118330744565784,-0.013846966531040155,0.1310053125143406,0.14981987987351955,0.034170305134005714
1.0965626161549729,0.2375626236985478,0.5598568448189061,-0.18371355512492055,-8.066392527560952e-06,0.1530917692561762,0.12834477857812213,0.05635988807961554,-0.18518580459744519
1.8567288281442065,0.08923253789702612,0.7486879644408387,-0.07415557252636744,0.015337650004037381,0.024690122420943303,0.021222606338035674,0.02138201105862352,0.010391090705398993
0.6576136529440855,0.4221487368180122,0.4216869282768121,-0.255790610855423,-0.028038024689126258,0.18095850966282145,0.28141479730033603,0.0004605123949053304,-0.21694864130490446
1.745968797796,0.3271160325056023,0.48862100408413645,-0.1720916882908567,-0.06607147992839603,0.11310813097683836,0.18464123417424705,0.061617798234392215,-0.12157972356832547
1.1236291623776005,0.03616215471715539,0.6473421944065462,-0.0392169662235137,0.02327968643366023,0.015276089665184416,0.014980280851346962,0.030406458230840587,-0.034492556131763566
0.749532652849203,0.2197018269222652,0.6023026143676742,-0.20662950187334614,0.04029464348379884,0.12825701813749613,0.10040441204972769,0.09696046818001375,-0.19993121217269916
2.2627859536109205,0.04550330617971615,0.3791300857563017,-0.0188254741421055,0.02039311436743655,0.024512361407696394,-0.0039054037990803514,-0.015468910648244929,-0.014548226343619608
2.1677323078004553,0.3464629468068897,0.6090348006740263,-0.1625185130411979,-0.12182899158695214,0.02836619618044249,0.1209446049315544,0.12740952493807717,0.004130890898872075
1.036494963315447,0.23153000787517375,0.5578203227561627,-0.18170298392825832,0.01032775002973636,0.15113799422205462,0.12720918699784792,0.0479739295792625,-0.19136189781271726
1.4915764620596674,0.48311046053540596,0.6327238478583489,-0.16087440554534924,-0.22302077345823001,-0.03222480851838047,0.1723070186555652,0.21489877199971805,0.038426359739392374
0.8831968905004564,0.022855976337069928,0.31039183078958693,-0.0219347041618896,0.02583080286210699,0.027887593581478184,-0.013378035127776319,-0.007611434481016217,-0.008620865892740946
1.67292095416196,0.2122019606172018,0.6345634736817627,-0.1540884501747343,-0.03822425026221563,0.09050071425290562,0.079871020391226,0.093259855951233,-0.05487633061406126
1.2561282339458104,0.3962328924434015,0.6848798152914621,-0.1922786604673635,-0.20087084443217199,0.02745770584261335,0.16579804567069417,0.1498531552254899,0.03323854124822589
0.5357406041802932,0.3373306089519472,0.6514667803976367,-0.39015870543273096,-0.05401493482196874,0.18194629509914065,0.10750297960908024,0.19727192229003207,-0.05093051118338907
1.302086917070539,0.29648227913887326,0.5700893824831081,-0.2215107868149715,-0.059285679689093394,0.1576176919986502,0.1519979728131352,0.10240156597628203,-0.10765695155042918
2.0518274289100655,0.16009827155773793,0.32435416793139593,-0.05144935971457402,0.030668592385316742,0.10844108073261755,0.006769240205899033,-0.05135617060337344,-0.04701973809384484
1.9301577110204897,0.4194145783811404,0.6148982714048599,-0.14571221321666294,-0.1682575743272214,-0.003305894868546839,0.15204359018690802,0.16401543890616482,0.023068851952500448
1.7701123994441434,0.4064483775305614,0.7396165235507203,-0.09159717167261817,-0.17346905840576576,-0.0418327607772856,0.11246828714059394,0.10685590308247811,0.08621065077658545
0.68228320971561,0.48665040163678225,0.6070436446798921,-0.27809399111660843,-0.20996473330123575,0.035581739619457244,0.2851079564722923,0.2198938710118553,-0.029597508408992328
2.277378978694186,0.2192832490822837,0.3620282980894374,-0.0704804606705405,-0.008479850007742828,0.1138338462661832,0.08188526325781575,-0.05704077995135773,-0.06866393302929388
1.9384222191323293,0.31389162940359466,0.6274677352340547,-0.18121122752367957,-0.10925639574299303,0.06584374019047119,0.1146129027164733,0.12215874920543009,-0.005678722938269755
1.007891398816738,0.10071340270255807,0.4415870890859408,-0.07352497395164025,0.09481449839522714,0.07365687355341977,0.05487652233463301,-0.07209010338015387,-0.05274264184124824
0.5925876047873295,0.0784259857701064,0.7059866507009599,-0.11055228483153445,0.0655449175869725,0.019751020395503388,0.02020679958198001,0.055836834360636835,-0.1195779062785743
0.6249363320125094,0.1614678188186368,0.7639532130228213,-0.2522629198883629,0.10539616253773113,0.0515855562195209,0.028354137168463883,0.05591746252698858,0.025661701451570377
1.8079355626527094,0.4450043395547389,0.779773093877223,-0.05520445604326977,-0.12655751018167602,-0.0902201305386667,0.08980603461967408,0.09983165695202295,0.1048757395227977
1.7336018515531602,0.3614742652969815,0.3716606726877032,-0.14238955354550514,-0.04015168206938241,0.13338214449450198,0.18094330277035656,-0.0015575931978750067,-0.14377069692857644
2.167536409913062,0.38050124889163767,0.6360216240132524,-0.12490040724307373,-0.14848407630315993,-0.0002535251562197456,0.12158325569432814,0.13395915360324315,0.03050554006263439
1.6478307962574394,0.30647439103656315,0.633263528087399,-0.21166575020141645,-0.10302777552432918,0.09528042025925731,0.12174288826084448,0.12949902866919424,-0.0200977607366779
0.5449715826937096,0.3677887197365472,0.7937145625712483,-0.20530360549571633,-0.2158046420068515,0.08270268104991844,0.08436190708260571,0.0684860193996636,0.13886156978632125
0.9937302868626714,0.29551705524655036,0.44006899196826754,-0.1783107904686934,0.0049272514187015636,0.24102975007225647,0.1991997950466826,-0.050494106370359504,-0.1865031112781871
1.3527504483981205,0.34027532770081426,0.6826236562754738,-0.20404593895763173,-0.1479437159066281,0.07154061588202737,0.13246551585242922,0.12508346925791158,0.01687394897486328
1.685636652610157,0.35933987318907,0.5302434301231003,-0.21116995861023757,-0.09717766390155279,0.08153084633348279,0.18227413257358147,0.10656831804744062,-0.07115711538798342
0.8559820467641204,0.28186278030666595,0.37317185572130684,-0.15659945427093752,0.04239960647450064,0.28229395231085275,0.09818255250181451,-0.16439375828450425,-0.12913124979441507
0.7626100487181362,0.01570356332143752,0.7427588220390053,-0.026140100776439617,0.009621642387460775,0.004161411191691188,0.004120420253956548,0.008337766949823407,-0.02362211953312718
1.575438562702874,0.19582035270498954,0.4318756877084908,-0.09647577332609744,0.019822735613227276,0.12867316758595232,0.11383155052330891,-0.08218201904358255,-0.09483305370388757
1.8889573811930596,0.010271038422695833,0.4714839997488377,-0.007554248227261989,0.005432672824106088,0.005336006983614841,0.006771731371276218,-0.00505760236361046,-0.004702810459310209
2.4750711471546447,0.35675659632454637,0.7299362808367011,-0.05712605958958031,-0.1403513974677869,-0.02813245074353014,0.07479399192736713,0.076534598792185,0.06933468479336526
2.2129848952399875,0.10737508030991644,0.4801995859354989,-0.04871234641864555,0.02696435656999272,0.04953545074985199,0.05881887510093153,-0.03201419929589568,-0.04585697269558002
1.4661596318226522,0.12869498851068623,0.5584547638380781,-0.08852250887425003,0.054655100422012486,0.06770308467640544,0.06265755617858393,0.011127415160122937,-0.08867222474663707
1.088288032379518,0.19166007739977337,0.31660994921477925,-0.0928144836630153,0.08861632369068309,0.20109324857683847,-0.03928680598691844,-0.08715557979997443,-0.06818905824008933
2.4449421084586254,0.03824883894800757,0.7977834219850978,-0.027066951008925786,0.002306185945992836,0.006645112129209384,0.006176037914813662,0.0060046605498309345,0.016282478045879935
0.9661207724018301,0.40096430659284754,0.5590526333714263,-0.338671068967631,-0.1102285129686944,0.11094362662142071,0.24763237798034926,0.13616547698102,-0.08968542191178556
1.1720547504751841,0.39668282671554816,0.5703971720038918,-0.30348002181511446,-0.12630008248017874,0.08957601696220965,0.22576100536215846,0.15180324268376238,-0.06628759737102359
1.1834344234283678,0.07673366713953234,0.7208617528963793,-0.08436829443167837,0.04159893939109594,0.02779760789924169,0.023198233977711518,0.029223388249714665,-0.06246978017729276
1.224360563264576,0.4170691374568402,0.5482971644600694,-0.29820969126669583,-0.13099556895305622,0.08041644845672845,0.24770789252211134,0.1446717985416462,-0.06802921687852302
1.200611785939918,0.15067056787949878,0.6564837664137837,-0.13953615621245333,0.0502488706437183,0.07043363018317773,0.05796947401789032,0.0800972907697165,-0.114798339536634
1.7577909064055193,0.2008669040488838,0.5044626781498334,-0.1084225915563346,-0.0071743566675218015,0.10710414458083949,0.1048456926620713,0.01015154203321868,-0.10885716432328753
1.1336625172118637,0.23088567048999165,0.4784489411353921,-0.1474309391339274,0.02218316303924587,0.16848773539404438,0.16755583269028151,-0.04211313217011248,-0.15110069444379365
2.2942631463129075,0.06208272344588783,0.37841545256395315,-0.023819867302314265,0.025669576557415433,0.03310483154296992,-0.0013767953750946924,-0.020735283883677666,-0.019674829178733977
2.126814039318517,0.39896688153622556,0.7654152730669839,-0.0507620083305051,-0.13239084185026218,-0.057299197339487844,0.0814729372616493,0.0841285374490544,0.08786729902985119
2.459012311258017,0.18222868530086822,0.35952535375584826,-0.05553810864351505,-0.0021443437751033486,0.09053188191650914,0.06152480161512596,-0.04748591984769396,-0.05298798347153915
